Alue;Aika;val
Ahvenanmaa;Vuosi 2020 Viikko 01;
Varsinais-Suomen SHP;Vuosi 2020 Viikko 01;
Satakunnan SHP;Vuosi 2020 Viikko 01;
Kanta-Hämeen SHP;Vuosi 2020 Viikko 01;
Pirkanmaan SHP;Vuosi 2020 Viikko 01;
Päijät-Hämeen SHP;Vuosi 2020 Viikko 01;
Kymenlaakson SHP;Vuosi 2020 Viikko 01;
Etelä-Karjalan SHP;Vuosi 2020 Viikko 01;
Etelä-Savon SHP;Vuosi 2020 Viikko 01;
Itä-Savon SHP;Vuosi 2020 Viikko 01;
Pohjois-Karjalan SHP;Vuosi 2020 Viikko 01;
Pohjois-Savon SHP;Vuosi 2020 Viikko 01;
Keski-Suomen SHP;Vuosi 2020 Viikko 01;
Etelä-Pohjanmaan SHP;Vuosi 2020 Viikko 01;
Vaasan SHP;Vuosi 2020 Viikko 01;
Keski-Pohjanmaan SHP;Vuosi 2020 Viikko 01;
Pohjois-Pohjanmaan SHP;Vuosi 2020 Viikko 01;
Kainuun SHP;Vuosi 2020 Viikko 01;
Länsi-Pohjan SHP;Vuosi 2020 Viikko 01;
Lapin SHP;Vuosi 2020 Viikko 01;
Helsingin ja Uudenmaan SHP;Vuosi 2020 Viikko 01;
Kaikki Alueet;Vuosi 2020 Viikko 01;
Ahvenanmaa;Vuosi 2020 Viikko 02;
Varsinais-Suomen SHP;Vuosi 2020 Viikko 02;
Satakunnan SHP;Vuosi 2020 Viikko 02;
Kanta-Hämeen SHP;Vuosi 2020 Viikko 02;
Pirkanmaan SHP;Vuosi 2020 Viikko 02;
Päijät-Hämeen SHP;Vuosi 2020 Viikko 02;
Kymenlaakson SHP;Vuosi 2020 Viikko 02;
Etelä-Karjalan SHP;Vuosi 2020 Viikko 02;
Etelä-Savon SHP;Vuosi 2020 Viikko 02;
Itä-Savon SHP;Vuosi 2020 Viikko 02;
Pohjois-Karjalan SHP;Vuosi 2020 Viikko 02;
Pohjois-Savon SHP;Vuosi 2020 Viikko 02;
Keski-Suomen SHP;Vuosi 2020 Viikko 02;
Etelä-Pohjanmaan SHP;Vuosi 2020 Viikko 02;
Vaasan SHP;Vuosi 2020 Viikko 02;
Keski-Pohjanmaan SHP;Vuosi 2020 Viikko 02;
Pohjois-Pohjanmaan SHP;Vuosi 2020 Viikko 02;
Kainuun SHP;Vuosi 2020 Viikko 02;
Länsi-Pohjan SHP;Vuosi 2020 Viikko 02;
Lapin SHP;Vuosi 2020 Viikko 02;
Helsingin ja Uudenmaan SHP;Vuosi 2020 Viikko 02;
Kaikki Alueet;Vuosi 2020 Viikko 02;
Ahvenanmaa;Vuosi 2020 Viikko 03;
Varsinais-Suomen SHP;Vuosi 2020 Viikko 03;
Satakunnan SHP;Vuosi 2020 Viikko 03;
Kanta-Hämeen SHP;Vuosi 2020 Viikko 03;
Pirkanmaan SHP;Vuosi 2020 Viikko 03;
Päijät-Hämeen SHP;Vuosi 2020 Viikko 03;
Kymenlaakson SHP;Vuosi 2020 Viikko 03;
Etelä-Karjalan SHP;Vuosi 2020 Viikko 03;
Etelä-Savon SHP;Vuosi 2020 Viikko 03;
Itä-Savon SHP;Vuosi 2020 Viikko 03;
Pohjois-Karjalan SHP;Vuosi 2020 Viikko 03;
Pohjois-Savon SHP;Vuosi 2020 Viikko 03;
Keski-Suomen SHP;Vuosi 2020 Viikko 03;
Etelä-Pohjanmaan SHP;Vuosi 2020 Viikko 03;
Vaasan SHP;Vuosi 2020 Viikko 03;
Keski-Pohjanmaan SHP;Vuosi 2020 Viikko 03;
Pohjois-Pohjanmaan SHP;Vuosi 2020 Viikko 03;
Kainuun SHP;Vuosi 2020 Viikko 03;
Länsi-Pohjan SHP;Vuosi 2020 Viikko 03;
Lapin SHP;Vuosi 2020 Viikko 03;
Helsingin ja Uudenmaan SHP;Vuosi 2020 Viikko 03;
Kaikki Alueet;Vuosi 2020 Viikko 03;
Ahvenanmaa;Vuosi 2020 Viikko 04;
Varsinais-Suomen SHP;Vuosi 2020 Viikko 04;
Satakunnan SHP;Vuosi 2020 Viikko 04;
Kanta-Hämeen SHP;Vuosi 2020 Viikko 04;
Pirkanmaan SHP;Vuosi 2020 Viikko 04;
Päijät-Hämeen SHP;Vuosi 2020 Viikko 04;
Kymenlaakson SHP;Vuosi 2020 Viikko 04;
Etelä-Karjalan SHP;Vuosi 2020 Viikko 04;
Etelä-Savon SHP;Vuosi 2020 Viikko 04;
Itä-Savon SHP;Vuosi 2020 Viikko 04;
Pohjois-Karjalan SHP;Vuosi 2020 Viikko 04;
Pohjois-Savon SHP;Vuosi 2020 Viikko 04;
Keski-Suomen SHP;Vuosi 2020 Viikko 04;
Etelä-Pohjanmaan SHP;Vuosi 2020 Viikko 04;
Vaasan SHP;Vuosi 2020 Viikko 04;
Keski-Pohjanmaan SHP;Vuosi 2020 Viikko 04;
Pohjois-Pohjanmaan SHP;Vuosi 2020 Viikko 04;
Kainuun SHP;Vuosi 2020 Viikko 04;
Länsi-Pohjan SHP;Vuosi 2020 Viikko 04;
Lapin SHP;Vuosi 2020 Viikko 04;
Helsingin ja Uudenmaan SHP;Vuosi 2020 Viikko 04;
Kaikki Alueet;Vuosi 2020 Viikko 04;
Ahvenanmaa;Vuosi 2020 Viikko 05;0
Varsinais-Suomen SHP;Vuosi 2020 Viikko 05;0
Satakunnan SHP;Vuosi 2020 Viikko 05;0
Kanta-Hämeen SHP;Vuosi 2020 Viikko 05;0
Pirkanmaan SHP;Vuosi 2020 Viikko 05;0
Päijät-Hämeen SHP;Vuosi 2020 Viikko 05;0
Kymenlaakson SHP;Vuosi 2020 Viikko 05;0
Etelä-Karjalan SHP;Vuosi 2020 Viikko 05;0
Etelä-Savon SHP;Vuosi 2020 Viikko 05;0
Itä-Savon SHP;Vuosi 2020 Viikko 05;0
Pohjois-Karjalan SHP;Vuosi 2020 Viikko 05;0
Pohjois-Savon SHP;Vuosi 2020 Viikko 05;0
Keski-Suomen SHP;Vuosi 2020 Viikko 05;0
Etelä-Pohjanmaan SHP;Vuosi 2020 Viikko 05;0
Vaasan SHP;Vuosi 2020 Viikko 05;0
Keski-Pohjanmaan SHP;Vuosi 2020 Viikko 05;0
Pohjois-Pohjanmaan SHP;Vuosi 2020 Viikko 05;0
Kainuun SHP;Vuosi 2020 Viikko 05;0
Länsi-Pohjan SHP;Vuosi 2020 Viikko 05;0
Lapin SHP;Vuosi 2020 Viikko 05;1
Helsingin ja Uudenmaan SHP;Vuosi 2020 Viikko 05;0
Kaikki Alueet;Vuosi 2020 Viikko 05;1
Ahvenanmaa;Vuosi 2020 Viikko 06;
Varsinais-Suomen SHP;Vuosi 2020 Viikko 06;
Satakunnan SHP;Vuosi 2020 Viikko 06;
Kanta-Hämeen SHP;Vuosi 2020 Viikko 06;
Pirkanmaan SHP;Vuosi 2020 Viikko 06;
Päijät-Hämeen SHP;Vuosi 2020 Viikko 06;
Kymenlaakson SHP;Vuosi 2020 Viikko 06;
Etelä-Karjalan SHP;Vuosi 2020 Viikko 06;
Etelä-Savon SHP;Vuosi 2020 Viikko 06;
Itä-Savon SHP;Vuosi 2020 Viikko 06;
Pohjois-Karjalan SHP;Vuosi 2020 Viikko 06;
Pohjois-Savon SHP;Vuosi 2020 Viikko 06;
Keski-Suomen SHP;Vuosi 2020 Viikko 06;
Etelä-Pohjanmaan SHP;Vuosi 2020 Viikko 06;
Vaasan SHP;Vuosi 2020 Viikko 06;
Keski-Pohjanmaan SHP;Vuosi 2020 Viikko 06;
Pohjois-Pohjanmaan SHP;Vuosi 2020 Viikko 06;
Kainuun SHP;Vuosi 2020 Viikko 06;
Länsi-Pohjan SHP;Vuosi 2020 Viikko 06;
Lapin SHP;Vuosi 2020 Viikko 06;
Helsingin ja Uudenmaan SHP;Vuosi 2020 Viikko 06;
Kaikki Alueet;Vuosi 2020 Viikko 06;
Ahvenanmaa;Vuosi 2020 Viikko 07;
Varsinais-Suomen SHP;Vuosi 2020 Viikko 07;
Satakunnan SHP;Vuosi 2020 Viikko 07;
Kanta-Hämeen SHP;Vuosi 2020 Viikko 07;
Pirkanmaan SHP;Vuosi 2020 Viikko 07;
Päijät-Hämeen SHP;Vuosi 2020 Viikko 07;
Kymenlaakson SHP;Vuosi 2020 Viikko 07;
Etelä-Karjalan SHP;Vuosi 2020 Viikko 07;
Etelä-Savon SHP;Vuosi 2020 Viikko 07;
Itä-Savon SHP;Vuosi 2020 Viikko 07;
Pohjois-Karjalan SHP;Vuosi 2020 Viikko 07;
Pohjois-Savon SHP;Vuosi 2020 Viikko 07;
Keski-Suomen SHP;Vuosi 2020 Viikko 07;
Etelä-Pohjanmaan SHP;Vuosi 2020 Viikko 07;
Vaasan SHP;Vuosi 2020 Viikko 07;
Keski-Pohjanmaan SHP;Vuosi 2020 Viikko 07;
Pohjois-Pohjanmaan SHP;Vuosi 2020 Viikko 07;
Kainuun SHP;Vuosi 2020 Viikko 07;
Länsi-Pohjan SHP;Vuosi 2020 Viikko 07;
Lapin SHP;Vuosi 2020 Viikko 07;
Helsingin ja Uudenmaan SHP;Vuosi 2020 Viikko 07;
Kaikki Alueet;Vuosi 2020 Viikko 07;
Ahvenanmaa;Vuosi 2020 Viikko 08;
Varsinais-Suomen SHP;Vuosi 2020 Viikko 08;
Satakunnan SHP;Vuosi 2020 Viikko 08;
Kanta-Hämeen SHP;Vuosi 2020 Viikko 08;
Pirkanmaan SHP;Vuosi 2020 Viikko 08;
Päijät-Hämeen SHP;Vuosi 2020 Viikko 08;
Kymenlaakson SHP;Vuosi 2020 Viikko 08;
Etelä-Karjalan SHP;Vuosi 2020 Viikko 08;
Etelä-Savon SHP;Vuosi 2020 Viikko 08;
Itä-Savon SHP;Vuosi 2020 Viikko 08;
Pohjois-Karjalan SHP;Vuosi 2020 Viikko 08;
Pohjois-Savon SHP;Vuosi 2020 Viikko 08;
Keski-Suomen SHP;Vuosi 2020 Viikko 08;
Etelä-Pohjanmaan SHP;Vuosi 2020 Viikko 08;
Vaasan SHP;Vuosi 2020 Viikko 08;
Keski-Pohjanmaan SHP;Vuosi 2020 Viikko 08;
Pohjois-Pohjanmaan SHP;Vuosi 2020 Viikko 08;
Kainuun SHP;Vuosi 2020 Viikko 08;
Länsi-Pohjan SHP;Vuosi 2020 Viikko 08;
Lapin SHP;Vuosi 2020 Viikko 08;
Helsingin ja Uudenmaan SHP;Vuosi 2020 Viikko 08;
Kaikki Alueet;Vuosi 2020 Viikko 08;
Ahvenanmaa;Vuosi 2020 Viikko 09;0
Varsinais-Suomen SHP;Vuosi 2020 Viikko 09;0
Satakunnan SHP;Vuosi 2020 Viikko 09;0
Kanta-Hämeen SHP;Vuosi 2020 Viikko 09;0
Pirkanmaan SHP;Vuosi 2020 Viikko 09;0
Päijät-Hämeen SHP;Vuosi 2020 Viikko 09;0
Kymenlaakson SHP;Vuosi 2020 Viikko 09;0
Etelä-Karjalan SHP;Vuosi 2020 Viikko 09;0
Etelä-Savon SHP;Vuosi 2020 Viikko 09;0
Itä-Savon SHP;Vuosi 2020 Viikko 09;0
Pohjois-Karjalan SHP;Vuosi 2020 Viikko 09;0
Pohjois-Savon SHP;Vuosi 2020 Viikko 09;0
Keski-Suomen SHP;Vuosi 2020 Viikko 09;0
Etelä-Pohjanmaan SHP;Vuosi 2020 Viikko 09;0
Vaasan SHP;Vuosi 2020 Viikko 09;0
Keski-Pohjanmaan SHP;Vuosi 2020 Viikko 09;1
Pohjois-Pohjanmaan SHP;Vuosi 2020 Viikko 09;0
Kainuun SHP;Vuosi 2020 Viikko 09;0
Länsi-Pohjan SHP;Vuosi 2020 Viikko 09;0
Lapin SHP;Vuosi 2020 Viikko 09;0
Helsingin ja Uudenmaan SHP;Vuosi 2020 Viikko 09;5
Kaikki Alueet;Vuosi 2020 Viikko 09;6
Ahvenanmaa;Vuosi 2020 Viikko 10;0
Varsinais-Suomen SHP;Vuosi 2020 Viikko 10;1
Satakunnan SHP;Vuosi 2020 Viikko 10;0
Kanta-Hämeen SHP;Vuosi 2020 Viikko 10;3
Pirkanmaan SHP;Vuosi 2020 Viikko 10;5
Päijät-Hämeen SHP;Vuosi 2020 Viikko 10;0
Kymenlaakson SHP;Vuosi 2020 Viikko 10;0
Etelä-Karjalan SHP;Vuosi 2020 Viikko 10;1
Etelä-Savon SHP;Vuosi 2020 Viikko 10;0
Itä-Savon SHP;Vuosi 2020 Viikko 10;0
Pohjois-Karjalan SHP;Vuosi 2020 Viikko 10;1
Pohjois-Savon SHP;Vuosi 2020 Viikko 10;2
Keski-Suomen SHP;Vuosi 2020 Viikko 10;3
Etelä-Pohjanmaan SHP;Vuosi 2020 Viikko 10;0
Vaasan SHP;Vuosi 2020 Viikko 10;0
Keski-Pohjanmaan SHP;Vuosi 2020 Viikko 10;0
Pohjois-Pohjanmaan SHP;Vuosi 2020 Viikko 10;1
Kainuun SHP;Vuosi 2020 Viikko 10;0
Länsi-Pohjan SHP;Vuosi 2020 Viikko 10;0
Lapin SHP;Vuosi 2020 Viikko 10;0
Helsingin ja Uudenmaan SHP;Vuosi 2020 Viikko 10;15
Kaikki Alueet;Vuosi 2020 Viikko 10;32
Ahvenanmaa;Vuosi 2020 Viikko 11;0
Varsinais-Suomen SHP;Vuosi 2020 Viikko 11;17
Satakunnan SHP;Vuosi 2020 Viikko 11;10
Kanta-Hämeen SHP;Vuosi 2020 Viikko 11;10
Pirkanmaan SHP;Vuosi 2020 Viikko 11;19
Päijät-Hämeen SHP;Vuosi 2020 Viikko 11;1
Kymenlaakson SHP;Vuosi 2020 Viikko 11;1
Etelä-Karjalan SHP;Vuosi 2020 Viikko 11;1
Etelä-Savon SHP;Vuosi 2020 Viikko 11;5
Itä-Savon SHP;Vuosi 2020 Viikko 11;0
Pohjois-Karjalan SHP;Vuosi 2020 Viikko 11;2
Pohjois-Savon SHP;Vuosi 2020 Viikko 11;1
Keski-Suomen SHP;Vuosi 2020 Viikko 11;13
Etelä-Pohjanmaan SHP;Vuosi 2020 Viikko 11;5
Vaasan SHP;Vuosi 2020 Viikko 11;3
Keski-Pohjanmaan SHP;Vuosi 2020 Viikko 11;2
Pohjois-Pohjanmaan SHP;Vuosi 2020 Viikko 11;28
Kainuun SHP;Vuosi 2020 Viikko 11;0
Länsi-Pohjan SHP;Vuosi 2020 Viikko 11;0
Lapin SHP;Vuosi 2020 Viikko 11;1
Helsingin ja Uudenmaan SHP;Vuosi 2020 Viikko 11;182
Kaikki Alueet;Vuosi 2020 Viikko 11;301
Ahvenanmaa;Vuosi 2020 Viikko 12;4
Varsinais-Suomen SHP;Vuosi 2020 Viikko 12;20
Satakunnan SHP;Vuosi 2020 Viikko 12;7
Kanta-Hämeen SHP;Vuosi 2020 Viikko 12;6
Pirkanmaan SHP;Vuosi 2020 Viikko 12;28
Päijät-Hämeen SHP;Vuosi 2020 Viikko 12;4
Kymenlaakson SHP;Vuosi 2020 Viikko 12;6
Etelä-Karjalan SHP;Vuosi 2020 Viikko 12;3
Etelä-Savon SHP;Vuosi 2020 Viikko 12;5
Itä-Savon SHP;Vuosi 2020 Viikko 12;1
Pohjois-Karjalan SHP;Vuosi 2020 Viikko 12;4
Pohjois-Savon SHP;Vuosi 2020 Viikko 12;8
Keski-Suomen SHP;Vuosi 2020 Viikko 12;13
Etelä-Pohjanmaan SHP;Vuosi 2020 Viikko 12;1
Vaasan SHP;Vuosi 2020 Viikko 12;11
Keski-Pohjanmaan SHP;Vuosi 2020 Viikko 12;1
Pohjois-Pohjanmaan SHP;Vuosi 2020 Viikko 12;12
Kainuun SHP;Vuosi 2020 Viikko 12;0
Länsi-Pohjan SHP;Vuosi 2020 Viikko 12;2
Lapin SHP;Vuosi 2020 Viikko 12;1
Helsingin ja Uudenmaan SHP;Vuosi 2020 Viikko 12;372
Kaikki Alueet;Vuosi 2020 Viikko 12;509
Ahvenanmaa;Vuosi 2020 Viikko 13;3
Varsinais-Suomen SHP;Vuosi 2020 Viikko 13;33
Satakunnan SHP;Vuosi 2020 Viikko 13;7
Kanta-Hämeen SHP;Vuosi 2020 Viikko 13;8
Pirkanmaan SHP;Vuosi 2020 Viikko 13;59
Päijät-Hämeen SHP;Vuosi 2020 Viikko 13;24
Kymenlaakson SHP;Vuosi 2020 Viikko 13;6
Etelä-Karjalan SHP;Vuosi 2020 Viikko 13;3
Etelä-Savon SHP;Vuosi 2020 Viikko 13;16
Itä-Savon SHP;Vuosi 2020 Viikko 13;1
Pohjois-Karjalan SHP;Vuosi 2020 Viikko 13;4
Pohjois-Savon SHP;Vuosi 2020 Viikko 13;26
Keski-Suomen SHP;Vuosi 2020 Viikko 13;30
Etelä-Pohjanmaan SHP;Vuosi 2020 Viikko 13;6
Vaasan SHP;Vuosi 2020 Viikko 13;7
Keski-Pohjanmaan SHP;Vuosi 2020 Viikko 13;1
Pohjois-Pohjanmaan SHP;Vuosi 2020 Viikko 13;21
Kainuun SHP;Vuosi 2020 Viikko 13;4
Länsi-Pohjan SHP;Vuosi 2020 Viikko 13;4
Lapin SHP;Vuosi 2020 Viikko 13;13
Helsingin ja Uudenmaan SHP;Vuosi 2020 Viikko 13;327
Kaikki Alueet;Vuosi 2020 Viikko 13;603
Ahvenanmaa;Vuosi 2020 Viikko 14;1
Varsinais-Suomen SHP;Vuosi 2020 Viikko 14;47
Satakunnan SHP;Vuosi 2020 Viikko 14;9
Kanta-Hämeen SHP;Vuosi 2020 Viikko 14;20
Pirkanmaan SHP;Vuosi 2020 Viikko 14;50
Päijät-Hämeen SHP;Vuosi 2020 Viikko 14;14
Kymenlaakson SHP;Vuosi 2020 Viikko 14;11
Etelä-Karjalan SHP;Vuosi 2020 Viikko 14;2
Etelä-Savon SHP;Vuosi 2020 Viikko 14;7
Itä-Savon SHP;Vuosi 2020 Viikko 14;7
Pohjois-Karjalan SHP;Vuosi 2020 Viikko 14;2
Pohjois-Savon SHP;Vuosi 2020 Viikko 14;35
Keski-Suomen SHP;Vuosi 2020 Viikko 14;33
Etelä-Pohjanmaan SHP;Vuosi 2020 Viikko 14;13
Vaasan SHP;Vuosi 2020 Viikko 14;9
Keski-Pohjanmaan SHP;Vuosi 2020 Viikko 14;4
Pohjois-Pohjanmaan SHP;Vuosi 2020 Viikko 14;23
Kainuun SHP;Vuosi 2020 Viikko 14;9
Länsi-Pohjan SHP;Vuosi 2020 Viikko 14;17
Lapin SHP;Vuosi 2020 Viikko 14;19
Helsingin ja Uudenmaan SHP;Vuosi 2020 Viikko 14;579
Kaikki Alueet;Vuosi 2020 Viikko 14;911
Ahvenanmaa;Vuosi 2020 Viikko 15;2
Varsinais-Suomen SHP;Vuosi 2020 Viikko 15;60
Satakunnan SHP;Vuosi 2020 Viikko 15;9
Kanta-Hämeen SHP;Vuosi 2020 Viikko 15;14
Pirkanmaan SHP;Vuosi 2020 Viikko 15;27
Päijät-Hämeen SHP;Vuosi 2020 Viikko 15;11
Kymenlaakson SHP;Vuosi 2020 Viikko 15;5
Etelä-Karjalan SHP;Vuosi 2020 Viikko 15;4
Etelä-Savon SHP;Vuosi 2020 Viikko 15;8
Itä-Savon SHP;Vuosi 2020 Viikko 15;0
Pohjois-Karjalan SHP;Vuosi 2020 Viikko 15;5
Pohjois-Savon SHP;Vuosi 2020 Viikko 15;35
Keski-Suomen SHP;Vuosi 2020 Viikko 15;16
Etelä-Pohjanmaan SHP;Vuosi 2020 Viikko 15;7
Vaasan SHP;Vuosi 2020 Viikko 15;9
Keski-Pohjanmaan SHP;Vuosi 2020 Viikko 15;4
Pohjois-Pohjanmaan SHP;Vuosi 2020 Viikko 15;20
Kainuun SHP;Vuosi 2020 Viikko 15;29
Länsi-Pohjan SHP;Vuosi 2020 Viikko 15;31
Lapin SHP;Vuosi 2020 Viikko 15;26
Helsingin ja Uudenmaan SHP;Vuosi 2020 Viikko 15;580
Kaikki Alueet;Vuosi 2020 Viikko 15;902
Ahvenanmaa;Vuosi 2020 Viikko 16;0
Varsinais-Suomen SHP;Vuosi 2020 Viikko 16;53
Satakunnan SHP;Vuosi 2020 Viikko 16;7
Kanta-Hämeen SHP;Vuosi 2020 Viikko 16;7
Pirkanmaan SHP;Vuosi 2020 Viikko 16;11
Päijät-Hämeen SHP;Vuosi 2020 Viikko 16;12
Kymenlaakson SHP;Vuosi 2020 Viikko 16;2
Etelä-Karjalan SHP;Vuosi 2020 Viikko 16;0
Etelä-Savon SHP;Vuosi 2020 Viikko 16;3
Itä-Savon SHP;Vuosi 2020 Viikko 16;1
Pohjois-Karjalan SHP;Vuosi 2020 Viikko 16;5
Pohjois-Savon SHP;Vuosi 2020 Viikko 16;10
Keski-Suomen SHP;Vuosi 2020 Viikko 16;9
Etelä-Pohjanmaan SHP;Vuosi 2020 Viikko 16;4
Vaasan SHP;Vuosi 2020 Viikko 16;6
Keski-Pohjanmaan SHP;Vuosi 2020 Viikko 16;0
Pohjois-Pohjanmaan SHP;Vuosi 2020 Viikko 16;8
Kainuun SHP;Vuosi 2020 Viikko 16;5
Länsi-Pohjan SHP;Vuosi 2020 Viikko 16;26
Lapin SHP;Vuosi 2020 Viikko 16;7
Helsingin ja Uudenmaan SHP;Vuosi 2020 Viikko 16;597
Kaikki Alueet;Vuosi 2020 Viikko 16;773
Ahvenanmaa;Vuosi 2020 Viikko 17;1
Varsinais-Suomen SHP;Vuosi 2020 Viikko 17;24
Satakunnan SHP;Vuosi 2020 Viikko 17;2
Kanta-Hämeen SHP;Vuosi 2020 Viikko 17;12
Pirkanmaan SHP;Vuosi 2020 Viikko 17;17
Päijät-Hämeen SHP;Vuosi 2020 Viikko 17;8
Kymenlaakson SHP;Vuosi 2020 Viikko 17;3
Etelä-Karjalan SHP;Vuosi 2020 Viikko 17;0
Etelä-Savon SHP;Vuosi 2020 Viikko 17;2
Itä-Savon SHP;Vuosi 2020 Viikko 17;0
Pohjois-Karjalan SHP;Vuosi 2020 Viikko 17;1
Pohjois-Savon SHP;Vuosi 2020 Viikko 17;3
Keski-Suomen SHP;Vuosi 2020 Viikko 17;9
Etelä-Pohjanmaan SHP;Vuosi 2020 Viikko 17;0
Vaasan SHP;Vuosi 2020 Viikko 17;2
Keski-Pohjanmaan SHP;Vuosi 2020 Viikko 17;0
Pohjois-Pohjanmaan SHP;Vuosi 2020 Viikko 17;9
Kainuun SHP;Vuosi 2020 Viikko 17;12
Länsi-Pohjan SHP;Vuosi 2020 Viikko 17;31
Lapin SHP;Vuosi 2020 Viikko 17;0
Helsingin ja Uudenmaan SHP;Vuosi 2020 Viikko 17;597
Kaikki Alueet;Vuosi 2020 Viikko 17;733
Ahvenanmaa;Vuosi 2020 Viikko 18;0
Varsinais-Suomen SHP;Vuosi 2020 Viikko 18;27
Satakunnan SHP;Vuosi 2020 Viikko 18;1
Kanta-Hämeen SHP;Vuosi 2020 Viikko 18;9
Pirkanmaan SHP;Vuosi 2020 Viikko 18;21
Päijät-Hämeen SHP;Vuosi 2020 Viikko 18;4
Kymenlaakson SHP;Vuosi 2020 Viikko 18;4
Etelä-Karjalan SHP;Vuosi 2020 Viikko 18;0
Etelä-Savon SHP;Vuosi 2020 Viikko 18;0
Itä-Savon SHP;Vuosi 2020 Viikko 18;0
Pohjois-Karjalan SHP;Vuosi 2020 Viikko 18;0
Pohjois-Savon SHP;Vuosi 2020 Viikko 18;4
Keski-Suomen SHP;Vuosi 2020 Viikko 18;1
Etelä-Pohjanmaan SHP;Vuosi 2020 Viikko 18;0
Vaasan SHP;Vuosi 2020 Viikko 18;4
Keski-Pohjanmaan SHP;Vuosi 2020 Viikko 18;0
Pohjois-Pohjanmaan SHP;Vuosi 2020 Viikko 18;6
Kainuun SHP;Vuosi 2020 Viikko 18;4
Länsi-Pohjan SHP;Vuosi 2020 Viikko 18;13
Lapin SHP;Vuosi 2020 Viikko 18;2
Helsingin ja Uudenmaan SHP;Vuosi 2020 Viikko 18;532
Kaikki Alueet;Vuosi 2020 Viikko 18;632
Ahvenanmaa;Vuosi 2020 Viikko 19;0
Varsinais-Suomen SHP;Vuosi 2020 Viikko 19;12
Satakunnan SHP;Vuosi 2020 Viikko 19;1
Kanta-Hämeen SHP;Vuosi 2020 Viikko 19;0
Pirkanmaan SHP;Vuosi 2020 Viikko 19;0
Päijät-Hämeen SHP;Vuosi 2020 Viikko 19;0
Kymenlaakson SHP;Vuosi 2020 Viikko 19;2
Etelä-Karjalan SHP;Vuosi 2020 Viikko 19;2
Etelä-Savon SHP;Vuosi 2020 Viikko 19;0
Itä-Savon SHP;Vuosi 2020 Viikko 19;0
Pohjois-Karjalan SHP;Vuosi 2020 Viikko 19;0
Pohjois-Savon SHP;Vuosi 2020 Viikko 19;3
Keski-Suomen SHP;Vuosi 2020 Viikko 19;0
Etelä-Pohjanmaan SHP;Vuosi 2020 Viikko 19;1
Vaasan SHP;Vuosi 2020 Viikko 19;0
Keski-Pohjanmaan SHP;Vuosi 2020 Viikko 19;0
Pohjois-Pohjanmaan SHP;Vuosi 2020 Viikko 19;1
Kainuun SHP;Vuosi 2020 Viikko 19;0
Länsi-Pohjan SHP;Vuosi 2020 Viikko 19;2
Lapin SHP;Vuosi 2020 Viikko 19;0
Helsingin ja Uudenmaan SHP;Vuosi 2020 Viikko 19;146
Kaikki Alueet;Vuosi 2020 Viikko 19;170
Ahvenanmaa;Vuosi 2020 Viikko 20;
Varsinais-Suomen SHP;Vuosi 2020 Viikko 20;
Satakunnan SHP;Vuosi 2020 Viikko 20;
Kanta-Hämeen SHP;Vuosi 2020 Viikko 20;
Pirkanmaan SHP;Vuosi 2020 Viikko 20;
Päijät-Hämeen SHP;Vuosi 2020 Viikko 20;
Kymenlaakson SHP;Vuosi 2020 Viikko 20;
Etelä-Karjalan SHP;Vuosi 2020 Viikko 20;
Etelä-Savon SHP;Vuosi 2020 Viikko 20;
Itä-Savon SHP;Vuosi 2020 Viikko 20;
Pohjois-Karjalan SHP;Vuosi 2020 Viikko 20;
Pohjois-Savon SHP;Vuosi 2020 Viikko 20;
Keski-Suomen SHP;Vuosi 2020 Viikko 20;
Etelä-Pohjanmaan SHP;Vuosi 2020 Viikko 20;
Vaasan SHP;Vuosi 2020 Viikko 20;
Keski-Pohjanmaan SHP;Vuosi 2020 Viikko 20;
Pohjois-Pohjanmaan SHP;Vuosi 2020 Viikko 20;
Kainuun SHP;Vuosi 2020 Viikko 20;
Länsi-Pohjan SHP;Vuosi 2020 Viikko 20;
Lapin SHP;Vuosi 2020 Viikko 20;
Helsingin ja Uudenmaan SHP;Vuosi 2020 Viikko 20;
Kaikki Alueet;Vuosi 2020 Viikko 20;
Ahvenanmaa;Vuosi 2020 Viikko 21;
Varsinais-Suomen SHP;Vuosi 2020 Viikko 21;
Satakunnan SHP;Vuosi 2020 Viikko 21;
Kanta-Hämeen SHP;Vuosi 2020 Viikko 21;
Pirkanmaan SHP;Vuosi 2020 Viikko 21;
Päijät-Hämeen SHP;Vuosi 2020 Viikko 21;
Kymenlaakson SHP;Vuosi 2020 Viikko 21;
Etelä-Karjalan SHP;Vuosi 2020 Viikko 21;
Etelä-Savon SHP;Vuosi 2020 Viikko 21;
Itä-Savon SHP;Vuosi 2020 Viikko 21;
Pohjois-Karjalan SHP;Vuosi 2020 Viikko 21;
Pohjois-Savon SHP;Vuosi 2020 Viikko 21;
Keski-Suomen SHP;Vuosi 2020 Viikko 21;
Etelä-Pohjanmaan SHP;Vuosi 2020 Viikko 21;
Vaasan SHP;Vuosi 2020 Viikko 21;
Keski-Pohjanmaan SHP;Vuosi 2020 Viikko 21;
Pohjois-Pohjanmaan SHP;Vuosi 2020 Viikko 21;
Kainuun SHP;Vuosi 2020 Viikko 21;
Länsi-Pohjan SHP;Vuosi 2020 Viikko 21;
Lapin SHP;Vuosi 2020 Viikko 21;
Helsingin ja Uudenmaan SHP;Vuosi 2020 Viikko 21;
Kaikki Alueet;Vuosi 2020 Viikko 21;
Ahvenanmaa;Vuosi 2020 Viikko 22;
Varsinais-Suomen SHP;Vuosi 2020 Viikko 22;
Satakunnan SHP;Vuosi 2020 Viikko 22;
Kanta-Hämeen SHP;Vuosi 2020 Viikko 22;
Pirkanmaan SHP;Vuosi 2020 Viikko 22;
Päijät-Hämeen SHP;Vuosi 2020 Viikko 22;
Kymenlaakson SHP;Vuosi 2020 Viikko 22;
Etelä-Karjalan SHP;Vuosi 2020 Viikko 22;
Etelä-Savon SHP;Vuosi 2020 Viikko 22;
Itä-Savon SHP;Vuosi 2020 Viikko 22;
Pohjois-Karjalan SHP;Vuosi 2020 Viikko 22;
Pohjois-Savon SHP;Vuosi 2020 Viikko 22;
Keski-Suomen SHP;Vuosi 2020 Viikko 22;
Etelä-Pohjanmaan SHP;Vuosi 2020 Viikko 22;
Vaasan SHP;Vuosi 2020 Viikko 22;
Keski-Pohjanmaan SHP;Vuosi 2020 Viikko 22;
Pohjois-Pohjanmaan SHP;Vuosi 2020 Viikko 22;
Kainuun SHP;Vuosi 2020 Viikko 22;
Länsi-Pohjan SHP;Vuosi 2020 Viikko 22;
Lapin SHP;Vuosi 2020 Viikko 22;
Helsingin ja Uudenmaan SHP;Vuosi 2020 Viikko 22;
Kaikki Alueet;Vuosi 2020 Viikko 22;
Ahvenanmaa;Vuosi 2020 Viikko 23;
Varsinais-Suomen SHP;Vuosi 2020 Viikko 23;
Satakunnan SHP;Vuosi 2020 Viikko 23;
Kanta-Hämeen SHP;Vuosi 2020 Viikko 23;
Pirkanmaan SHP;Vuosi 2020 Viikko 23;
Päijät-Hämeen SHP;Vuosi 2020 Viikko 23;
Kymenlaakson SHP;Vuosi 2020 Viikko 23;
Etelä-Karjalan SHP;Vuosi 2020 Viikko 23;
Etelä-Savon SHP;Vuosi 2020 Viikko 23;
Itä-Savon SHP;Vuosi 2020 Viikko 23;
Pohjois-Karjalan SHP;Vuosi 2020 Viikko 23;
Pohjois-Savon SHP;Vuosi 2020 Viikko 23;
Keski-Suomen SHP;Vuosi 2020 Viikko 23;
Etelä-Pohjanmaan SHP;Vuosi 2020 Viikko 23;
Vaasan SHP;Vuosi 2020 Viikko 23;
Keski-Pohjanmaan SHP;Vuosi 2020 Viikko 23;
Pohjois-Pohjanmaan SHP;Vuosi 2020 Viikko 23;
Kainuun SHP;Vuosi 2020 Viikko 23;
Länsi-Pohjan SHP;Vuosi 2020 Viikko 23;
Lapin SHP;Vuosi 2020 Viikko 23;
Helsingin ja Uudenmaan SHP;Vuosi 2020 Viikko 23;
Kaikki Alueet;Vuosi 2020 Viikko 23;
Ahvenanmaa;Vuosi 2020 Viikko 24;
Varsinais-Suomen SHP;Vuosi 2020 Viikko 24;
Satakunnan SHP;Vuosi 2020 Viikko 24;
Kanta-Hämeen SHP;Vuosi 2020 Viikko 24;
Pirkanmaan SHP;Vuosi 2020 Viikko 24;
Päijät-Hämeen SHP;Vuosi 2020 Viikko 24;
Kymenlaakson SHP;Vuosi 2020 Viikko 24;
Etelä-Karjalan SHP;Vuosi 2020 Viikko 24;
Etelä-Savon SHP;Vuosi 2020 Viikko 24;
Itä-Savon SHP;Vuosi 2020 Viikko 24;
Pohjois-Karjalan SHP;Vuosi 2020 Viikko 24;
Pohjois-Savon SHP;Vuosi 2020 Viikko 24;
Keski-Suomen SHP;Vuosi 2020 Viikko 24;
Etelä-Pohjanmaan SHP;Vuosi 2020 Viikko 24;
Vaasan SHP;Vuosi 2020 Viikko 24;
Keski-Pohjanmaan SHP;Vuosi 2020 Viikko 24;
Pohjois-Pohjanmaan SHP;Vuosi 2020 Viikko 24;
Kainuun SHP;Vuosi 2020 Viikko 24;
Länsi-Pohjan SHP;Vuosi 2020 Viikko 24;
Lapin SHP;Vuosi 2020 Viikko 24;
Helsingin ja Uudenmaan SHP;Vuosi 2020 Viikko 24;
Kaikki Alueet;Vuosi 2020 Viikko 24;
Ahvenanmaa;Vuosi 2020 Viikko 25;
Varsinais-Suomen SHP;Vuosi 2020 Viikko 25;
Satakunnan SHP;Vuosi 2020 Viikko 25;
Kanta-Hämeen SHP;Vuosi 2020 Viikko 25;
Pirkanmaan SHP;Vuosi 2020 Viikko 25;
Päijät-Hämeen SHP;Vuosi 2020 Viikko 25;
Kymenlaakson SHP;Vuosi 2020 Viikko 25;
Etelä-Karjalan SHP;Vuosi 2020 Viikko 25;
Etelä-Savon SHP;Vuosi 2020 Viikko 25;
Itä-Savon SHP;Vuosi 2020 Viikko 25;
Pohjois-Karjalan SHP;Vuosi 2020 Viikko 25;
Pohjois-Savon SHP;Vuosi 2020 Viikko 25;
Keski-Suomen SHP;Vuosi 2020 Viikko 25;
Etelä-Pohjanmaan SHP;Vuosi 2020 Viikko 25;
Vaasan SHP;Vuosi 2020 Viikko 25;
Keski-Pohjanmaan SHP;Vuosi 2020 Viikko 25;
Pohjois-Pohjanmaan SHP;Vuosi 2020 Viikko 25;
Kainuun SHP;Vuosi 2020 Viikko 25;
Länsi-Pohjan SHP;Vuosi 2020 Viikko 25;
Lapin SHP;Vuosi 2020 Viikko 25;
Helsingin ja Uudenmaan SHP;Vuosi 2020 Viikko 25;
Kaikki Alueet;Vuosi 2020 Viikko 25;
Ahvenanmaa;Vuosi 2020 Viikko 26;
Varsinais-Suomen SHP;Vuosi 2020 Viikko 26;
Satakunnan SHP;Vuosi 2020 Viikko 26;
Kanta-Hämeen SHP;Vuosi 2020 Viikko 26;
Pirkanmaan SHP;Vuosi 2020 Viikko 26;
Päijät-Hämeen SHP;Vuosi 2020 Viikko 26;
Kymenlaakson SHP;Vuosi 2020 Viikko 26;
Etelä-Karjalan SHP;Vuosi 2020 Viikko 26;
Etelä-Savon SHP;Vuosi 2020 Viikko 26;
Itä-Savon SHP;Vuosi 2020 Viikko 26;
Pohjois-Karjalan SHP;Vuosi 2020 Viikko 26;
Pohjois-Savon SHP;Vuosi 2020 Viikko 26;
Keski-Suomen SHP;Vuosi 2020 Viikko 26;
Etelä-Pohjanmaan SHP;Vuosi 2020 Viikko 26;
Vaasan SHP;Vuosi 2020 Viikko 26;
Keski-Pohjanmaan SHP;Vuosi 2020 Viikko 26;
Pohjois-Pohjanmaan SHP;Vuosi 2020 Viikko 26;
Kainuun SHP;Vuosi 2020 Viikko 26;
Länsi-Pohjan SHP;Vuosi 2020 Viikko 26;
Lapin SHP;Vuosi 2020 Viikko 26;
Helsingin ja Uudenmaan SHP;Vuosi 2020 Viikko 26;
Kaikki Alueet;Vuosi 2020 Viikko 26;
Ahvenanmaa;Vuosi 2020 Viikko 27;
Varsinais-Suomen SHP;Vuosi 2020 Viikko 27;
Satakunnan SHP;Vuosi 2020 Viikko 27;
Kanta-Hämeen SHP;Vuosi 2020 Viikko 27;
Pirkanmaan SHP;Vuosi 2020 Viikko 27;
Päijät-Hämeen SHP;Vuosi 2020 Viikko 27;
Kymenlaakson SHP;Vuosi 2020 Viikko 27;
Etelä-Karjalan SHP;Vuosi 2020 Viikko 27;
Etelä-Savon SHP;Vuosi 2020 Viikko 27;
Itä-Savon SHP;Vuosi 2020 Viikko 27;
Pohjois-Karjalan SHP;Vuosi 2020 Viikko 27;
Pohjois-Savon SHP;Vuosi 2020 Viikko 27;
Keski-Suomen SHP;Vuosi 2020 Viikko 27;
Etelä-Pohjanmaan SHP;Vuosi 2020 Viikko 27;
Vaasan SHP;Vuosi 2020 Viikko 27;
Keski-Pohjanmaan SHP;Vuosi 2020 Viikko 27;
Pohjois-Pohjanmaan SHP;Vuosi 2020 Viikko 27;
Kainuun SHP;Vuosi 2020 Viikko 27;
Länsi-Pohjan SHP;Vuosi 2020 Viikko 27;
Lapin SHP;Vuosi 2020 Viikko 27;
Helsingin ja Uudenmaan SHP;Vuosi 2020 Viikko 27;
Kaikki Alueet;Vuosi 2020 Viikko 27;
Ahvenanmaa;Vuosi 2020 Viikko 28;
Varsinais-Suomen SHP;Vuosi 2020 Viikko 28;
Satakunnan SHP;Vuosi 2020 Viikko 28;
Kanta-Hämeen SHP;Vuosi 2020 Viikko 28;
Pirkanmaan SHP;Vuosi 2020 Viikko 28;
Päijät-Hämeen SHP;Vuosi 2020 Viikko 28;
Kymenlaakson SHP;Vuosi 2020 Viikko 28;
Etelä-Karjalan SHP;Vuosi 2020 Viikko 28;
Etelä-Savon SHP;Vuosi 2020 Viikko 28;
Itä-Savon SHP;Vuosi 2020 Viikko 28;
Pohjois-Karjalan SHP;Vuosi 2020 Viikko 28;
Pohjois-Savon SHP;Vuosi 2020 Viikko 28;
Keski-Suomen SHP;Vuosi 2020 Viikko 28;
Etelä-Pohjanmaan SHP;Vuosi 2020 Viikko 28;
Vaasan SHP;Vuosi 2020 Viikko 28;
Keski-Pohjanmaan SHP;Vuosi 2020 Viikko 28;
Pohjois-Pohjanmaan SHP;Vuosi 2020 Viikko 28;
Kainuun SHP;Vuosi 2020 Viikko 28;
Länsi-Pohjan SHP;Vuosi 2020 Viikko 28;
Lapin SHP;Vuosi 2020 Viikko 28;
Helsingin ja Uudenmaan SHP;Vuosi 2020 Viikko 28;
Kaikki Alueet;Vuosi 2020 Viikko 28;
Ahvenanmaa;Vuosi 2020 Viikko 29;
Varsinais-Suomen SHP;Vuosi 2020 Viikko 29;
Satakunnan SHP;Vuosi 2020 Viikko 29;
Kanta-Hämeen SHP;Vuosi 2020 Viikko 29;
Pirkanmaan SHP;Vuosi 2020 Viikko 29;
Päijät-Hämeen SHP;Vuosi 2020 Viikko 29;
Kymenlaakson SHP;Vuosi 2020 Viikko 29;
Etelä-Karjalan SHP;Vuosi 2020 Viikko 29;
Etelä-Savon SHP;Vuosi 2020 Viikko 29;
Itä-Savon SHP;Vuosi 2020 Viikko 29;
Pohjois-Karjalan SHP;Vuosi 2020 Viikko 29;
Pohjois-Savon SHP;Vuosi 2020 Viikko 29;
Keski-Suomen SHP;Vuosi 2020 Viikko 29;
Etelä-Pohjanmaan SHP;Vuosi 2020 Viikko 29;
Vaasan SHP;Vuosi 2020 Viikko 29;
Keski-Pohjanmaan SHP;Vuosi 2020 Viikko 29;
Pohjois-Pohjanmaan SHP;Vuosi 2020 Viikko 29;
Kainuun SHP;Vuosi 2020 Viikko 29;
Länsi-Pohjan SHP;Vuosi 2020 Viikko 29;
Lapin SHP;Vuosi 2020 Viikko 29;
Helsingin ja Uudenmaan SHP;Vuosi 2020 Viikko 29;
Kaikki Alueet;Vuosi 2020 Viikko 29;
Ahvenanmaa;Vuosi 2020 Viikko 30;
Varsinais-Suomen SHP;Vuosi 2020 Viikko 30;
Satakunnan SHP;Vuosi 2020 Viikko 30;
Kanta-Hämeen SHP;Vuosi 2020 Viikko 30;
Pirkanmaan SHP;Vuosi 2020 Viikko 30;
Päijät-Hämeen SHP;Vuosi 2020 Viikko 30;
Kymenlaakson SHP;Vuosi 2020 Viikko 30;
Etelä-Karjalan SHP;Vuosi 2020 Viikko 30;
Etelä-Savon SHP;Vuosi 2020 Viikko 30;
Itä-Savon SHP;Vuosi 2020 Viikko 30;
Pohjois-Karjalan SHP;Vuosi 2020 Viikko 30;
Pohjois-Savon SHP;Vuosi 2020 Viikko 30;
Keski-Suomen SHP;Vuosi 2020 Viikko 30;
Etelä-Pohjanmaan SHP;Vuosi 2020 Viikko 30;
Vaasan SHP;Vuosi 2020 Viikko 30;
Keski-Pohjanmaan SHP;Vuosi 2020 Viikko 30;
Pohjois-Pohjanmaan SHP;Vuosi 2020 Viikko 30;
Kainuun SHP;Vuosi 2020 Viikko 30;
Länsi-Pohjan SHP;Vuosi 2020 Viikko 30;
Lapin SHP;Vuosi 2020 Viikko 30;
Helsingin ja Uudenmaan SHP;Vuosi 2020 Viikko 30;
Kaikki Alueet;Vuosi 2020 Viikko 30;
Ahvenanmaa;Vuosi 2020 Viikko 31;
Varsinais-Suomen SHP;Vuosi 2020 Viikko 31;
Satakunnan SHP;Vuosi 2020 Viikko 31;
Kanta-Hämeen SHP;Vuosi 2020 Viikko 31;
Pirkanmaan SHP;Vuosi 2020 Viikko 31;
Päijät-Hämeen SHP;Vuosi 2020 Viikko 31;
Kymenlaakson SHP;Vuosi 2020 Viikko 31;
Etelä-Karjalan SHP;Vuosi 2020 Viikko 31;
Etelä-Savon SHP;Vuosi 2020 Viikko 31;
Itä-Savon SHP;Vuosi 2020 Viikko 31;
Pohjois-Karjalan SHP;Vuosi 2020 Viikko 31;
Pohjois-Savon SHP;Vuosi 2020 Viikko 31;
Keski-Suomen SHP;Vuosi 2020 Viikko 31;
Etelä-Pohjanmaan SHP;Vuosi 2020 Viikko 31;
Vaasan SHP;Vuosi 2020 Viikko 31;
Keski-Pohjanmaan SHP;Vuosi 2020 Viikko 31;
Pohjois-Pohjanmaan SHP;Vuosi 2020 Viikko 31;
Kainuun SHP;Vuosi 2020 Viikko 31;
Länsi-Pohjan SHP;Vuosi 2020 Viikko 31;
Lapin SHP;Vuosi 2020 Viikko 31;
Helsingin ja Uudenmaan SHP;Vuosi 2020 Viikko 31;
Kaikki Alueet;Vuosi 2020 Viikko 31;
Ahvenanmaa;Vuosi 2020 Viikko 32;
Varsinais-Suomen SHP;Vuosi 2020 Viikko 32;
Satakunnan SHP;Vuosi 2020 Viikko 32;
Kanta-Hämeen SHP;Vuosi 2020 Viikko 32;
Pirkanmaan SHP;Vuosi 2020 Viikko 32;
Päijät-Hämeen SHP;Vuosi 2020 Viikko 32;
Kymenlaakson SHP;Vuosi 2020 Viikko 32;
Etelä-Karjalan SHP;Vuosi 2020 Viikko 32;
Etelä-Savon SHP;Vuosi 2020 Viikko 32;
Itä-Savon SHP;Vuosi 2020 Viikko 32;
Pohjois-Karjalan SHP;Vuosi 2020 Viikko 32;
Pohjois-Savon SHP;Vuosi 2020 Viikko 32;
Keski-Suomen SHP;Vuosi 2020 Viikko 32;
Etelä-Pohjanmaan SHP;Vuosi 2020 Viikko 32;
Vaasan SHP;Vuosi 2020 Viikko 32;
Keski-Pohjanmaan SHP;Vuosi 2020 Viikko 32;
Pohjois-Pohjanmaan SHP;Vuosi 2020 Viikko 32;
Kainuun SHP;Vuosi 2020 Viikko 32;
Länsi-Pohjan SHP;Vuosi 2020 Viikko 32;
Lapin SHP;Vuosi 2020 Viikko 32;
Helsingin ja Uudenmaan SHP;Vuosi 2020 Viikko 32;
Kaikki Alueet;Vuosi 2020 Viikko 32;
Ahvenanmaa;Vuosi 2020 Viikko 33;
Varsinais-Suomen SHP;Vuosi 2020 Viikko 33;
Satakunnan SHP;Vuosi 2020 Viikko 33;
Kanta-Hämeen SHP;Vuosi 2020 Viikko 33;
Pirkanmaan SHP;Vuosi 2020 Viikko 33;
Päijät-Hämeen SHP;Vuosi 2020 Viikko 33;
Kymenlaakson SHP;Vuosi 2020 Viikko 33;
Etelä-Karjalan SHP;Vuosi 2020 Viikko 33;
Etelä-Savon SHP;Vuosi 2020 Viikko 33;
Itä-Savon SHP;Vuosi 2020 Viikko 33;
Pohjois-Karjalan SHP;Vuosi 2020 Viikko 33;
Pohjois-Savon SHP;Vuosi 2020 Viikko 33;
Keski-Suomen SHP;Vuosi 2020 Viikko 33;
Etelä-Pohjanmaan SHP;Vuosi 2020 Viikko 33;
Vaasan SHP;Vuosi 2020 Viikko 33;
Keski-Pohjanmaan SHP;Vuosi 2020 Viikko 33;
Pohjois-Pohjanmaan SHP;Vuosi 2020 Viikko 33;
Kainuun SHP;Vuosi 2020 Viikko 33;
Länsi-Pohjan SHP;Vuosi 2020 Viikko 33;
Lapin SHP;Vuosi 2020 Viikko 33;
Helsingin ja Uudenmaan SHP;Vuosi 2020 Viikko 33;
Kaikki Alueet;Vuosi 2020 Viikko 33;
Ahvenanmaa;Vuosi 2020 Viikko 34;
Varsinais-Suomen SHP;Vuosi 2020 Viikko 34;
Satakunnan SHP;Vuosi 2020 Viikko 34;
Kanta-Hämeen SHP;Vuosi 2020 Viikko 34;
Pirkanmaan SHP;Vuosi 2020 Viikko 34;
Päijät-Hämeen SHP;Vuosi 2020 Viikko 34;
Kymenlaakson SHP;Vuosi 2020 Viikko 34;
Etelä-Karjalan SHP;Vuosi 2020 Viikko 34;
Etelä-Savon SHP;Vuosi 2020 Viikko 34;
Itä-Savon SHP;Vuosi 2020 Viikko 34;
Pohjois-Karjalan SHP;Vuosi 2020 Viikko 34;
Pohjois-Savon SHP;Vuosi 2020 Viikko 34;
Keski-Suomen SHP;Vuosi 2020 Viikko 34;
Etelä-Pohjanmaan SHP;Vuosi 2020 Viikko 34;
Vaasan SHP;Vuosi 2020 Viikko 34;
Keski-Pohjanmaan SHP;Vuosi 2020 Viikko 34;
Pohjois-Pohjanmaan SHP;Vuosi 2020 Viikko 34;
Kainuun SHP;Vuosi 2020 Viikko 34;
Länsi-Pohjan SHP;Vuosi 2020 Viikko 34;
Lapin SHP;Vuosi 2020 Viikko 34;
Helsingin ja Uudenmaan SHP;Vuosi 2020 Viikko 34;
Kaikki Alueet;Vuosi 2020 Viikko 34;
Ahvenanmaa;Vuosi 2020 Viikko 35;
Varsinais-Suomen SHP;Vuosi 2020 Viikko 35;
Satakunnan SHP;Vuosi 2020 Viikko 35;
Kanta-Hämeen SHP;Vuosi 2020 Viikko 35;
Pirkanmaan SHP;Vuosi 2020 Viikko 35;
Päijät-Hämeen SHP;Vuosi 2020 Viikko 35;
Kymenlaakson SHP;Vuosi 2020 Viikko 35;
Etelä-Karjalan SHP;Vuosi 2020 Viikko 35;
Etelä-Savon SHP;Vuosi 2020 Viikko 35;
Itä-Savon SHP;Vuosi 2020 Viikko 35;
Pohjois-Karjalan SHP;Vuosi 2020 Viikko 35;
Pohjois-Savon SHP;Vuosi 2020 Viikko 35;
Keski-Suomen SHP;Vuosi 2020 Viikko 35;
Etelä-Pohjanmaan SHP;Vuosi 2020 Viikko 35;
Vaasan SHP;Vuosi 2020 Viikko 35;
Keski-Pohjanmaan SHP;Vuosi 2020 Viikko 35;
Pohjois-Pohjanmaan SHP;Vuosi 2020 Viikko 35;
Kainuun SHP;Vuosi 2020 Viikko 35;
Länsi-Pohjan SHP;Vuosi 2020 Viikko 35;
Lapin SHP;Vuosi 2020 Viikko 35;
Helsingin ja Uudenmaan SHP;Vuosi 2020 Viikko 35;
Kaikki Alueet;Vuosi 2020 Viikko 35;
Ahvenanmaa;Vuosi 2020 Viikko 36;
Varsinais-Suomen SHP;Vuosi 2020 Viikko 36;
Satakunnan SHP;Vuosi 2020 Viikko 36;
Kanta-Hämeen SHP;Vuosi 2020 Viikko 36;
Pirkanmaan SHP;Vuosi 2020 Viikko 36;
Päijät-Hämeen SHP;Vuosi 2020 Viikko 36;
Kymenlaakson SHP;Vuosi 2020 Viikko 36;
Etelä-Karjalan SHP;Vuosi 2020 Viikko 36;
Etelä-Savon SHP;Vuosi 2020 Viikko 36;
Itä-Savon SHP;Vuosi 2020 Viikko 36;
Pohjois-Karjalan SHP;Vuosi 2020 Viikko 36;
Pohjois-Savon SHP;Vuosi 2020 Viikko 36;
Keski-Suomen SHP;Vuosi 2020 Viikko 36;
Etelä-Pohjanmaan SHP;Vuosi 2020 Viikko 36;
Vaasan SHP;Vuosi 2020 Viikko 36;
Keski-Pohjanmaan SHP;Vuosi 2020 Viikko 36;
Pohjois-Pohjanmaan SHP;Vuosi 2020 Viikko 36;
Kainuun SHP;Vuosi 2020 Viikko 36;
Länsi-Pohjan SHP;Vuosi 2020 Viikko 36;
Lapin SHP;Vuosi 2020 Viikko 36;
Helsingin ja Uudenmaan SHP;Vuosi 2020 Viikko 36;
Kaikki Alueet;Vuosi 2020 Viikko 36;
Ahvenanmaa;Vuosi 2020 Viikko 37;
Varsinais-Suomen SHP;Vuosi 2020 Viikko 37;
Satakunnan SHP;Vuosi 2020 Viikko 37;
Kanta-Hämeen SHP;Vuosi 2020 Viikko 37;
Pirkanmaan SHP;Vuosi 2020 Viikko 37;
Päijät-Hämeen SHP;Vuosi 2020 Viikko 37;
Kymenlaakson SHP;Vuosi 2020 Viikko 37;
Etelä-Karjalan SHP;Vuosi 2020 Viikko 37;
Etelä-Savon SHP;Vuosi 2020 Viikko 37;
Itä-Savon SHP;Vuosi 2020 Viikko 37;
Pohjois-Karjalan SHP;Vuosi 2020 Viikko 37;
Pohjois-Savon SHP;Vuosi 2020 Viikko 37;
Keski-Suomen SHP;Vuosi 2020 Viikko 37;
Etelä-Pohjanmaan SHP;Vuosi 2020 Viikko 37;
Vaasan SHP;Vuosi 2020 Viikko 37;
Keski-Pohjanmaan SHP;Vuosi 2020 Viikko 37;
Pohjois-Pohjanmaan SHP;Vuosi 2020 Viikko 37;
Kainuun SHP;Vuosi 2020 Viikko 37;
Länsi-Pohjan SHP;Vuosi 2020 Viikko 37;
Lapin SHP;Vuosi 2020 Viikko 37;
Helsingin ja Uudenmaan SHP;Vuosi 2020 Viikko 37;
Kaikki Alueet;Vuosi 2020 Viikko 37;
Ahvenanmaa;Vuosi 2020 Viikko 38;
Varsinais-Suomen SHP;Vuosi 2020 Viikko 38;
Satakunnan SHP;Vuosi 2020 Viikko 38;
Kanta-Hämeen SHP;Vuosi 2020 Viikko 38;
Pirkanmaan SHP;Vuosi 2020 Viikko 38;
Päijät-Hämeen SHP;Vuosi 2020 Viikko 38;
Kymenlaakson SHP;Vuosi 2020 Viikko 38;
Etelä-Karjalan SHP;Vuosi 2020 Viikko 38;
Etelä-Savon SHP;Vuosi 2020 Viikko 38;
Itä-Savon SHP;Vuosi 2020 Viikko 38;
Pohjois-Karjalan SHP;Vuosi 2020 Viikko 38;
Pohjois-Savon SHP;Vuosi 2020 Viikko 38;
Keski-Suomen SHP;Vuosi 2020 Viikko 38;
Etelä-Pohjanmaan SHP;Vuosi 2020 Viikko 38;
Vaasan SHP;Vuosi 2020 Viikko 38;
Keski-Pohjanmaan SHP;Vuosi 2020 Viikko 38;
Pohjois-Pohjanmaan SHP;Vuosi 2020 Viikko 38;
Kainuun SHP;Vuosi 2020 Viikko 38;
Länsi-Pohjan SHP;Vuosi 2020 Viikko 38;
Lapin SHP;Vuosi 2020 Viikko 38;
Helsingin ja Uudenmaan SHP;Vuosi 2020 Viikko 38;
Kaikki Alueet;Vuosi 2020 Viikko 38;
Ahvenanmaa;Vuosi 2020 Viikko 39;
Varsinais-Suomen SHP;Vuosi 2020 Viikko 39;
Satakunnan SHP;Vuosi 2020 Viikko 39;
Kanta-Hämeen SHP;Vuosi 2020 Viikko 39;
Pirkanmaan SHP;Vuosi 2020 Viikko 39;
Päijät-Hämeen SHP;Vuosi 2020 Viikko 39;
Kymenlaakson SHP;Vuosi 2020 Viikko 39;
Etelä-Karjalan SHP;Vuosi 2020 Viikko 39;
Etelä-Savon SHP;Vuosi 2020 Viikko 39;
Itä-Savon SHP;Vuosi 2020 Viikko 39;
Pohjois-Karjalan SHP;Vuosi 2020 Viikko 39;
Pohjois-Savon SHP;Vuosi 2020 Viikko 39;
Keski-Suomen SHP;Vuosi 2020 Viikko 39;
Etelä-Pohjanmaan SHP;Vuosi 2020 Viikko 39;
Vaasan SHP;Vuosi 2020 Viikko 39;
Keski-Pohjanmaan SHP;Vuosi 2020 Viikko 39;
Pohjois-Pohjanmaan SHP;Vuosi 2020 Viikko 39;
Kainuun SHP;Vuosi 2020 Viikko 39;
Länsi-Pohjan SHP;Vuosi 2020 Viikko 39;
Lapin SHP;Vuosi 2020 Viikko 39;
Helsingin ja Uudenmaan SHP;Vuosi 2020 Viikko 39;
Kaikki Alueet;Vuosi 2020 Viikko 39;
Ahvenanmaa;Vuosi 2020 Viikko 40;
Varsinais-Suomen SHP;Vuosi 2020 Viikko 40;
Satakunnan SHP;Vuosi 2020 Viikko 40;
Kanta-Hämeen SHP;Vuosi 2020 Viikko 40;
Pirkanmaan SHP;Vuosi 2020 Viikko 40;
Päijät-Hämeen SHP;Vuosi 2020 Viikko 40;
Kymenlaakson SHP;Vuosi 2020 Viikko 40;
Etelä-Karjalan SHP;Vuosi 2020 Viikko 40;
Etelä-Savon SHP;Vuosi 2020 Viikko 40;
Itä-Savon SHP;Vuosi 2020 Viikko 40;
Pohjois-Karjalan SHP;Vuosi 2020 Viikko 40;
Pohjois-Savon SHP;Vuosi 2020 Viikko 40;
Keski-Suomen SHP;Vuosi 2020 Viikko 40;
Etelä-Pohjanmaan SHP;Vuosi 2020 Viikko 40;
Vaasan SHP;Vuosi 2020 Viikko 40;
Keski-Pohjanmaan SHP;Vuosi 2020 Viikko 40;
Pohjois-Pohjanmaan SHP;Vuosi 2020 Viikko 40;
Kainuun SHP;Vuosi 2020 Viikko 40;
Länsi-Pohjan SHP;Vuosi 2020 Viikko 40;
Lapin SHP;Vuosi 2020 Viikko 40;
Helsingin ja Uudenmaan SHP;Vuosi 2020 Viikko 40;
Kaikki Alueet;Vuosi 2020 Viikko 40;
Ahvenanmaa;Vuosi 2020 Viikko 41;
Varsinais-Suomen SHP;Vuosi 2020 Viikko 41;
Satakunnan SHP;Vuosi 2020 Viikko 41;
Kanta-Hämeen SHP;Vuosi 2020 Viikko 41;
Pirkanmaan SHP;Vuosi 2020 Viikko 41;
Päijät-Hämeen SHP;Vuosi 2020 Viikko 41;
Kymenlaakson SHP;Vuosi 2020 Viikko 41;
Etelä-Karjalan SHP;Vuosi 2020 Viikko 41;
Etelä-Savon SHP;Vuosi 2020 Viikko 41;
Itä-Savon SHP;Vuosi 2020 Viikko 41;
Pohjois-Karjalan SHP;Vuosi 2020 Viikko 41;
Pohjois-Savon SHP;Vuosi 2020 Viikko 41;
Keski-Suomen SHP;Vuosi 2020 Viikko 41;
Etelä-Pohjanmaan SHP;Vuosi 2020 Viikko 41;
Vaasan SHP;Vuosi 2020 Viikko 41;
Keski-Pohjanmaan SHP;Vuosi 2020 Viikko 41;
Pohjois-Pohjanmaan SHP;Vuosi 2020 Viikko 41;
Kainuun SHP;Vuosi 2020 Viikko 41;
Länsi-Pohjan SHP;Vuosi 2020 Viikko 41;
Lapin SHP;Vuosi 2020 Viikko 41;
Helsingin ja Uudenmaan SHP;Vuosi 2020 Viikko 41;
Kaikki Alueet;Vuosi 2020 Viikko 41;
Ahvenanmaa;Vuosi 2020 Viikko 42;
Varsinais-Suomen SHP;Vuosi 2020 Viikko 42;
Satakunnan SHP;Vuosi 2020 Viikko 42;
Kanta-Hämeen SHP;Vuosi 2020 Viikko 42;
Pirkanmaan SHP;Vuosi 2020 Viikko 42;
Päijät-Hämeen SHP;Vuosi 2020 Viikko 42;
Kymenlaakson SHP;Vuosi 2020 Viikko 42;
Etelä-Karjalan SHP;Vuosi 2020 Viikko 42;
Etelä-Savon SHP;Vuosi 2020 Viikko 42;
Itä-Savon SHP;Vuosi 2020 Viikko 42;
Pohjois-Karjalan SHP;Vuosi 2020 Viikko 42;
Pohjois-Savon SHP;Vuosi 2020 Viikko 42;
Keski-Suomen SHP;Vuosi 2020 Viikko 42;
Etelä-Pohjanmaan SHP;Vuosi 2020 Viikko 42;
Vaasan SHP;Vuosi 2020 Viikko 42;
Keski-Pohjanmaan SHP;Vuosi 2020 Viikko 42;
Pohjois-Pohjanmaan SHP;Vuosi 2020 Viikko 42;
Kainuun SHP;Vuosi 2020 Viikko 42;
Länsi-Pohjan SHP;Vuosi 2020 Viikko 42;
Lapin SHP;Vuosi 2020 Viikko 42;
Helsingin ja Uudenmaan SHP;Vuosi 2020 Viikko 42;
Kaikki Alueet;Vuosi 2020 Viikko 42;
Ahvenanmaa;Vuosi 2020 Viikko 43;
Varsinais-Suomen SHP;Vuosi 2020 Viikko 43;
Satakunnan SHP;Vuosi 2020 Viikko 43;
Kanta-Hämeen SHP;Vuosi 2020 Viikko 43;
Pirkanmaan SHP;Vuosi 2020 Viikko 43;
Päijät-Hämeen SHP;Vuosi 2020 Viikko 43;
Kymenlaakson SHP;Vuosi 2020 Viikko 43;
Etelä-Karjalan SHP;Vuosi 2020 Viikko 43;
Etelä-Savon SHP;Vuosi 2020 Viikko 43;
Itä-Savon SHP;Vuosi 2020 Viikko 43;
Pohjois-Karjalan SHP;Vuosi 2020 Viikko 43;
Pohjois-Savon SHP;Vuosi 2020 Viikko 43;
Keski-Suomen SHP;Vuosi 2020 Viikko 43;
Etelä-Pohjanmaan SHP;Vuosi 2020 Viikko 43;
Vaasan SHP;Vuosi 2020 Viikko 43;
Keski-Pohjanmaan SHP;Vuosi 2020 Viikko 43;
Pohjois-Pohjanmaan SHP;Vuosi 2020 Viikko 43;
Kainuun SHP;Vuosi 2020 Viikko 43;
Länsi-Pohjan SHP;Vuosi 2020 Viikko 43;
Lapin SHP;Vuosi 2020 Viikko 43;
Helsingin ja Uudenmaan SHP;Vuosi 2020 Viikko 43;
Kaikki Alueet;Vuosi 2020 Viikko 43;
Ahvenanmaa;Vuosi 2020 Viikko 44;
Varsinais-Suomen SHP;Vuosi 2020 Viikko 44;
Satakunnan SHP;Vuosi 2020 Viikko 44;
Kanta-Hämeen SHP;Vuosi 2020 Viikko 44;
Pirkanmaan SHP;Vuosi 2020 Viikko 44;
Päijät-Hämeen SHP;Vuosi 2020 Viikko 44;
Kymenlaakson SHP;Vuosi 2020 Viikko 44;
Etelä-Karjalan SHP;Vuosi 2020 Viikko 44;
Etelä-Savon SHP;Vuosi 2020 Viikko 44;
Itä-Savon SHP;Vuosi 2020 Viikko 44;
Pohjois-Karjalan SHP;Vuosi 2020 Viikko 44;
Pohjois-Savon SHP;Vuosi 2020 Viikko 44;
Keski-Suomen SHP;Vuosi 2020 Viikko 44;
Etelä-Pohjanmaan SHP;Vuosi 2020 Viikko 44;
Vaasan SHP;Vuosi 2020 Viikko 44;
Keski-Pohjanmaan SHP;Vuosi 2020 Viikko 44;
Pohjois-Pohjanmaan SHP;Vuosi 2020 Viikko 44;
Kainuun SHP;Vuosi 2020 Viikko 44;
Länsi-Pohjan SHP;Vuosi 2020 Viikko 44;
Lapin SHP;Vuosi 2020 Viikko 44;
Helsingin ja Uudenmaan SHP;Vuosi 2020 Viikko 44;
Kaikki Alueet;Vuosi 2020 Viikko 44;
Ahvenanmaa;Vuosi 2020 Viikko 45;
Varsinais-Suomen SHP;Vuosi 2020 Viikko 45;
Satakunnan SHP;Vuosi 2020 Viikko 45;
Kanta-Hämeen SHP;Vuosi 2020 Viikko 45;
Pirkanmaan SHP;Vuosi 2020 Viikko 45;
Päijät-Hämeen SHP;Vuosi 2020 Viikko 45;
Kymenlaakson SHP;Vuosi 2020 Viikko 45;
Etelä-Karjalan SHP;Vuosi 2020 Viikko 45;
Etelä-Savon SHP;Vuosi 2020 Viikko 45;
Itä-Savon SHP;Vuosi 2020 Viikko 45;
Pohjois-Karjalan SHP;Vuosi 2020 Viikko 45;
Pohjois-Savon SHP;Vuosi 2020 Viikko 45;
Keski-Suomen SHP;Vuosi 2020 Viikko 45;
Etelä-Pohjanmaan SHP;Vuosi 2020 Viikko 45;
Vaasan SHP;Vuosi 2020 Viikko 45;
Keski-Pohjanmaan SHP;Vuosi 2020 Viikko 45;
Pohjois-Pohjanmaan SHP;Vuosi 2020 Viikko 45;
Kainuun SHP;Vuosi 2020 Viikko 45;
Länsi-Pohjan SHP;Vuosi 2020 Viikko 45;
Lapin SHP;Vuosi 2020 Viikko 45;
Helsingin ja Uudenmaan SHP;Vuosi 2020 Viikko 45;
Kaikki Alueet;Vuosi 2020 Viikko 45;
Ahvenanmaa;Vuosi 2020 Viikko 46;
Varsinais-Suomen SHP;Vuosi 2020 Viikko 46;
Satakunnan SHP;Vuosi 2020 Viikko 46;
Kanta-Hämeen SHP;Vuosi 2020 Viikko 46;
Pirkanmaan SHP;Vuosi 2020 Viikko 46;
Päijät-Hämeen SHP;Vuosi 2020 Viikko 46;
Kymenlaakson SHP;Vuosi 2020 Viikko 46;
Etelä-Karjalan SHP;Vuosi 2020 Viikko 46;
Etelä-Savon SHP;Vuosi 2020 Viikko 46;
Itä-Savon SHP;Vuosi 2020 Viikko 46;
Pohjois-Karjalan SHP;Vuosi 2020 Viikko 46;
Pohjois-Savon SHP;Vuosi 2020 Viikko 46;
Keski-Suomen SHP;Vuosi 2020 Viikko 46;
Etelä-Pohjanmaan SHP;Vuosi 2020 Viikko 46;
Vaasan SHP;Vuosi 2020 Viikko 46;
Keski-Pohjanmaan SHP;Vuosi 2020 Viikko 46;
Pohjois-Pohjanmaan SHP;Vuosi 2020 Viikko 46;
Kainuun SHP;Vuosi 2020 Viikko 46;
Länsi-Pohjan SHP;Vuosi 2020 Viikko 46;
Lapin SHP;Vuosi 2020 Viikko 46;
Helsingin ja Uudenmaan SHP;Vuosi 2020 Viikko 46;
Kaikki Alueet;Vuosi 2020 Viikko 46;
Ahvenanmaa;Vuosi 2020 Viikko 47;
Varsinais-Suomen SHP;Vuosi 2020 Viikko 47;
Satakunnan SHP;Vuosi 2020 Viikko 47;
Kanta-Hämeen SHP;Vuosi 2020 Viikko 47;
Pirkanmaan SHP;Vuosi 2020 Viikko 47;
Päijät-Hämeen SHP;Vuosi 2020 Viikko 47;
Kymenlaakson SHP;Vuosi 2020 Viikko 47;
Etelä-Karjalan SHP;Vuosi 2020 Viikko 47;
Etelä-Savon SHP;Vuosi 2020 Viikko 47;
Itä-Savon SHP;Vuosi 2020 Viikko 47;
Pohjois-Karjalan SHP;Vuosi 2020 Viikko 47;
Pohjois-Savon SHP;Vuosi 2020 Viikko 47;
Keski-Suomen SHP;Vuosi 2020 Viikko 47;
Etelä-Pohjanmaan SHP;Vuosi 2020 Viikko 47;
Vaasan SHP;Vuosi 2020 Viikko 47;
Keski-Pohjanmaan SHP;Vuosi 2020 Viikko 47;
Pohjois-Pohjanmaan SHP;Vuosi 2020 Viikko 47;
Kainuun SHP;Vuosi 2020 Viikko 47;
Länsi-Pohjan SHP;Vuosi 2020 Viikko 47;
Lapin SHP;Vuosi 2020 Viikko 47;
Helsingin ja Uudenmaan SHP;Vuosi 2020 Viikko 47;
Kaikki Alueet;Vuosi 2020 Viikko 47;
Ahvenanmaa;Vuosi 2020 Viikko 48;
Varsinais-Suomen SHP;Vuosi 2020 Viikko 48;
Satakunnan SHP;Vuosi 2020 Viikko 48;
Kanta-Hämeen SHP;Vuosi 2020 Viikko 48;
Pirkanmaan SHP;Vuosi 2020 Viikko 48;
Päijät-Hämeen SHP;Vuosi 2020 Viikko 48;
Kymenlaakson SHP;Vuosi 2020 Viikko 48;
Etelä-Karjalan SHP;Vuosi 2020 Viikko 48;
Etelä-Savon SHP;Vuosi 2020 Viikko 48;
Itä-Savon SHP;Vuosi 2020 Viikko 48;
Pohjois-Karjalan SHP;Vuosi 2020 Viikko 48;
Pohjois-Savon SHP;Vuosi 2020 Viikko 48;
Keski-Suomen SHP;Vuosi 2020 Viikko 48;
Etelä-Pohjanmaan SHP;Vuosi 2020 Viikko 48;
Vaasan SHP;Vuosi 2020 Viikko 48;
Keski-Pohjanmaan SHP;Vuosi 2020 Viikko 48;
Pohjois-Pohjanmaan SHP;Vuosi 2020 Viikko 48;
Kainuun SHP;Vuosi 2020 Viikko 48;
Länsi-Pohjan SHP;Vuosi 2020 Viikko 48;
Lapin SHP;Vuosi 2020 Viikko 48;
Helsingin ja Uudenmaan SHP;Vuosi 2020 Viikko 48;
Kaikki Alueet;Vuosi 2020 Viikko 48;
Ahvenanmaa;Vuosi 2020 Viikko 49;
Varsinais-Suomen SHP;Vuosi 2020 Viikko 49;
Satakunnan SHP;Vuosi 2020 Viikko 49;
Kanta-Hämeen SHP;Vuosi 2020 Viikko 49;
Pirkanmaan SHP;Vuosi 2020 Viikko 49;
Päijät-Hämeen SHP;Vuosi 2020 Viikko 49;
Kymenlaakson SHP;Vuosi 2020 Viikko 49;
Etelä-Karjalan SHP;Vuosi 2020 Viikko 49;
Etelä-Savon SHP;Vuosi 2020 Viikko 49;
Itä-Savon SHP;Vuosi 2020 Viikko 49;
Pohjois-Karjalan SHP;Vuosi 2020 Viikko 49;
Pohjois-Savon SHP;Vuosi 2020 Viikko 49;
Keski-Suomen SHP;Vuosi 2020 Viikko 49;
Etelä-Pohjanmaan SHP;Vuosi 2020 Viikko 49;
Vaasan SHP;Vuosi 2020 Viikko 49;
Keski-Pohjanmaan SHP;Vuosi 2020 Viikko 49;
Pohjois-Pohjanmaan SHP;Vuosi 2020 Viikko 49;
Kainuun SHP;Vuosi 2020 Viikko 49;
Länsi-Pohjan SHP;Vuosi 2020 Viikko 49;
Lapin SHP;Vuosi 2020 Viikko 49;
Helsingin ja Uudenmaan SHP;Vuosi 2020 Viikko 49;
Kaikki Alueet;Vuosi 2020 Viikko 49;
Ahvenanmaa;Vuosi 2020 Viikko 50;
Varsinais-Suomen SHP;Vuosi 2020 Viikko 50;
Satakunnan SHP;Vuosi 2020 Viikko 50;
Kanta-Hämeen SHP;Vuosi 2020 Viikko 50;
Pirkanmaan SHP;Vuosi 2020 Viikko 50;
Päijät-Hämeen SHP;Vuosi 2020 Viikko 50;
Kymenlaakson SHP;Vuosi 2020 Viikko 50;
Etelä-Karjalan SHP;Vuosi 2020 Viikko 50;
Etelä-Savon SHP;Vuosi 2020 Viikko 50;
Itä-Savon SHP;Vuosi 2020 Viikko 50;
Pohjois-Karjalan SHP;Vuosi 2020 Viikko 50;
Pohjois-Savon SHP;Vuosi 2020 Viikko 50;
Keski-Suomen SHP;Vuosi 2020 Viikko 50;
Etelä-Pohjanmaan SHP;Vuosi 2020 Viikko 50;
Vaasan SHP;Vuosi 2020 Viikko 50;
Keski-Pohjanmaan SHP;Vuosi 2020 Viikko 50;
Pohjois-Pohjanmaan SHP;Vuosi 2020 Viikko 50;
Kainuun SHP;Vuosi 2020 Viikko 50;
Länsi-Pohjan SHP;Vuosi 2020 Viikko 50;
Lapin SHP;Vuosi 2020 Viikko 50;
Helsingin ja Uudenmaan SHP;Vuosi 2020 Viikko 50;
Kaikki Alueet;Vuosi 2020 Viikko 50;
Ahvenanmaa;Vuosi 2020 Viikko 51;
Varsinais-Suomen SHP;Vuosi 2020 Viikko 51;
Satakunnan SHP;Vuosi 2020 Viikko 51;
Kanta-Hämeen SHP;Vuosi 2020 Viikko 51;
Pirkanmaan SHP;Vuosi 2020 Viikko 51;
Päijät-Hämeen SHP;Vuosi 2020 Viikko 51;
Kymenlaakson SHP;Vuosi 2020 Viikko 51;
Etelä-Karjalan SHP;Vuosi 2020 Viikko 51;
Etelä-Savon SHP;Vuosi 2020 Viikko 51;
Itä-Savon SHP;Vuosi 2020 Viikko 51;
Pohjois-Karjalan SHP;Vuosi 2020 Viikko 51;
Pohjois-Savon SHP;Vuosi 2020 Viikko 51;
Keski-Suomen SHP;Vuosi 2020 Viikko 51;
Etelä-Pohjanmaan SHP;Vuosi 2020 Viikko 51;
Vaasan SHP;Vuosi 2020 Viikko 51;
Keski-Pohjanmaan SHP;Vuosi 2020 Viikko 51;
Pohjois-Pohjanmaan SHP;Vuosi 2020 Viikko 51;
Kainuun SHP;Vuosi 2020 Viikko 51;
Länsi-Pohjan SHP;Vuosi 2020 Viikko 51;
Lapin SHP;Vuosi 2020 Viikko 51;
Helsingin ja Uudenmaan SHP;Vuosi 2020 Viikko 51;
Kaikki Alueet;Vuosi 2020 Viikko 51;
Ahvenanmaa;Vuosi 2020 Viikko 52;
Varsinais-Suomen SHP;Vuosi 2020 Viikko 52;
Satakunnan SHP;Vuosi 2020 Viikko 52;
Kanta-Hämeen SHP;Vuosi 2020 Viikko 52;
Pirkanmaan SHP;Vuosi 2020 Viikko 52;
Päijät-Hämeen SHP;Vuosi 2020 Viikko 52;
Kymenlaakson SHP;Vuosi 2020 Viikko 52;
Etelä-Karjalan SHP;Vuosi 2020 Viikko 52;
Etelä-Savon SHP;Vuosi 2020 Viikko 52;
Itä-Savon SHP;Vuosi 2020 Viikko 52;
Pohjois-Karjalan SHP;Vuosi 2020 Viikko 52;
Pohjois-Savon SHP;Vuosi 2020 Viikko 52;
Keski-Suomen SHP;Vuosi 2020 Viikko 52;
Etelä-Pohjanmaan SHP;Vuosi 2020 Viikko 52;
Vaasan SHP;Vuosi 2020 Viikko 52;
Keski-Pohjanmaan SHP;Vuosi 2020 Viikko 52;
Pohjois-Pohjanmaan SHP;Vuosi 2020 Viikko 52;
Kainuun SHP;Vuosi 2020 Viikko 52;
Länsi-Pohjan SHP;Vuosi 2020 Viikko 52;
Lapin SHP;Vuosi 2020 Viikko 52;
Helsingin ja Uudenmaan SHP;Vuosi 2020 Viikko 52;
Kaikki Alueet;Vuosi 2020 Viikko 52;
Ahvenanmaa;Vuosi 2020 Viikko 53;
Varsinais-Suomen SHP;Vuosi 2020 Viikko 53;
Satakunnan SHP;Vuosi 2020 Viikko 53;
Kanta-Hämeen SHP;Vuosi 2020 Viikko 53;
Pirkanmaan SHP;Vuosi 2020 Viikko 53;
Päijät-Hämeen SHP;Vuosi 2020 Viikko 53;
Kymenlaakson SHP;Vuosi 2020 Viikko 53;
Etelä-Karjalan SHP;Vuosi 2020 Viikko 53;
Etelä-Savon SHP;Vuosi 2020 Viikko 53;
Itä-Savon SHP;Vuosi 2020 Viikko 53;
Pohjois-Karjalan SHP;Vuosi 2020 Viikko 53;
Pohjois-Savon SHP;Vuosi 2020 Viikko 53;
Keski-Suomen SHP;Vuosi 2020 Viikko 53;
Etelä-Pohjanmaan SHP;Vuosi 2020 Viikko 53;
Vaasan SHP;Vuosi 2020 Viikko 53;
Keski-Pohjanmaan SHP;Vuosi 2020 Viikko 53;
Pohjois-Pohjanmaan SHP;Vuosi 2020 Viikko 53;
Kainuun SHP;Vuosi 2020 Viikko 53;
Länsi-Pohjan SHP;Vuosi 2020 Viikko 53;
Lapin SHP;Vuosi 2020 Viikko 53;
Helsingin ja Uudenmaan SHP;Vuosi 2020 Viikko 53;
Kaikki Alueet;Vuosi 2020 Viikko 53;
Ahvenanmaa;Aika;11
Varsinais-Suomen SHP;Aika;294
Satakunnan SHP;Aika;53
Kanta-Hämeen SHP;Aika;89
Pirkanmaan SHP;Aika;237
Päijät-Hämeen SHP;Aika;78
Kymenlaakson SHP;Aika;40
Etelä-Karjalan SHP;Aika;16
Etelä-Savon SHP;Aika;46
Itä-Savon SHP;Aika;10
Pohjois-Karjalan SHP;Aika;24
Pohjois-Savon SHP;Aika;127
Keski-Suomen SHP;Aika;127
Etelä-Pohjanmaan SHP;Aika;37
Vaasan SHP;Aika;51
Keski-Pohjanmaan SHP;Aika;13
Pohjois-Pohjanmaan SHP;Aika;129
Kainuun SHP;Aika;63
Länsi-Pohjan SHP;Aika;126
Lapin SHP;Aika;70
Helsingin ja Uudenmaan SHP;Aika;3932
Kaikki Alueet;Aika;5573
